Number	#	Position F1	Position F2	Assign F1	Assign F2	Height	Volume	Line Width F1 (Hz)	Line Width F2 (Hz)	Merit	Details	Fit Method	Vol. Method
1	1	57.45755	66.20200	 {5}SerCA[5]	 {6}SerCB[6]	3.58538e+05	3.19786e+06	465.01756	699.05967	1.00000	None	parabolic	box sum
2	2	49.69628	62.94215	 {15}ProCD[15]	 {14}ProCA[14]	1.33537e+05	1.17807e+06	317.16228	400.40314	1.00000	None	parabolic	box sum
3	3	32.51710	63.00664	 {13}ProCB[13]	 {14}ProCA[14]	4.28073e+05	3.78386e+06	364.39002	384.12064	1.00000	None	parabolic	box sum
4	4	27.23723	62.82302	 {16}ProCG[16]	 {14}ProCA[14]	1.92962e+05	1.69784e+06	339.92529	374.38571	1.00000	None	parabolic	box sum
5	5	39.32610	57.49632	 {60}TyrCB[77]	 {39}TyrCA[52]	4.37588e+04	3.67301e+05	522.52114	348.97178	1.00000	None	parabolic	box sum
6	6	39.14599	53.27703	 21AsnCb	 21AsnCa	4.01186e+04	3.46955e+05	356.98414	285.58075	1.00000	None	parabolic	box sum
7	7	32.51072	49.59733	 {13}ProCB[13]	 {15}ProCD[15]	2.08230e+05	1.83046e+06	379.21965	320.01138	1.00000	None	parabolic	box sum
8	8	27.23063	49.65651	 {16}ProCG[16]	 {15}ProCD[15]	7.27660e+05	6.38155e+06	408.08320	313.57110	1.00000	None	parabolic	box sum
9	9	22.80059	51.42788	 {10}AlaCB[10]	 {11}AlaCA[11]	2.56894e+06	2.23674e+07	341.98165	269.98222	1.00000	None	parabolic	box sum
10	11	30.15269	35.95761	 {69}GluCB[88]	 {70}GluCG[89]	5.72682e+04	5.07117e+05	1763.69548	1936.95426	1.00000	None	parabolic	box sum
11	51	133.28572	39.79100	 {18}TyrCD*[18]	 {21}TyrCB[23]	2.92714e+04	2.52525e+05	1061.97074	451.39194	1.00000	None	parabolic	box sum
12	64	132.87234	57.96411	 {71}TyrCD*[90]	 {22}TyrCA[24]	2.00770e+04	1.73551e+05	912.52476	412.55057	1.00000	None	parabolic	box sum
13	80	118.38647	133.34254	 {19}TyrCE*[19]	 {18}TyrCD*[18]	3.81734e+04	3.35307e+05	430.58246	564.72868	1.00000	None	parabolic	box sum
14	84	133.33051	133.24584	 {18}TyrCD*[18]	 {18}TyrCD*[18]	9.38458e+04	8.10065e+05	246.37356	325.73417	1.00000	None	parabolic	box sum
15	86	130.90365	131.23833	 {72}TyrCG[91]	 {73}TyrCG[92]	3.04457e+04	2.66882e+05	840.95746	803.41473	1.00000	None	parabolic	box sum
16	90	133.23727	118.11430	 {18}TyrCD*[18]	 {19}TyrCE*[19]	4.68313e+04	4.08066e+05	435.56020	397.05187	1.00000	None	parabolic	box sum
17	91	130.99454	118.11314	 {72}TyrCG[91]	 {19}TyrCE*[19]	2.78293e+04	2.46032e+05	1150.55963	371.77801	1.00000	None	parabolic	box sum
18	94	118.10698	118.15988	 {19}TyrCE*[19]	 {19}TyrCE*[19]	1.39599e+05	1.21889e+06	313.21645	338.66763	1.00000	None	parabolic	box sum
19	96	157.78040	117.77499	 {37}TyrCZ[50]	 {38}TyrCE*[51]	4.58353e+04	4.06320e+05	396.29936	495.85700	1.00000	None	parabolic	box sum
20	103	157.59311	157.62981	 {37}TyrCZ[50]	 {37}TyrCZ[50]	4.27652e+04	3.72194e+05	303.68268	294.64066	1.00000	None	parabolic	box sum
21	104	174.59102	22.82502	 {12}AlaC[12]	 {10}AlaCB[10]	1.50501e+06	1.31502e+07	276.97720	356.80532	1.00000	None	parabolic	box sum
22	106	176.96348	32.55170	 {17}ProC[17]	 {13}ProCB[13]	1.82975e+05	1.62621e+06	497.81986	420.78793	1.00000	None	parabolic	box sum
23	107	180.40562	33.96547	 22GlnCd	 22GlnCg	1.08682e+05	9.34219e+05	231.27627	310.85014	1.00000	None	parabolic	box sum
24	108	183.45711	36.08594	 20Glu[54]	 20GluCg	9.19923e+04	7.93454e+05	242.47263	277.81725	1.00000	None	parabolic	box sum
25	109	176.89753	39.22044	 21AsnCg	 21AsnCb	5.33164e+04	4.67720e+05	378.84191	466.29608	1.00000	None	parabolic	box sum
26	110	172.01547	44.64991	 {64}GlyC[83]	 {57}GlyCA[74]	8.63841e+05	7.69278e+06	779.54158	436.55932	1.00000	None	parabolic	box sum
27	111	174.56254	51.40445	 {12}AlaC[12]	 {11}AlaCA[11]	5.38054e+06	4.70787e+07	278.81935	281.28624	1.00000	None	parabolic	box sum
28	112	172.83003	57.71428	 ({67}Tyr/{26}Ser)C([86]/[39])	 ({66}Ser/{39}Tyr)CA([85]/[52])	6.04992e+05	5.40296e+06	732.22332	458.50873	1.00000	None	parabolic	box sum
29	113	177.17024	62.99589	 {17}ProC[17]	 {14}ProCA[14]	4.82583e+05	4.28622e+06	509.98516	405.48146	1.00000	None	parabolic	box sum
30	115	172.83688	66.26027	 {26}SerC[39]	 {6}SerCB[6]	2.29281e+05	2.04930e+06	599.77509	889.40263	1.00000	None	parabolic	box sum
31	116	27.27127	32.45584	 {16}ProCG[16]	 {13}ProCB[13]	4.85356e+05	4.26552e+06	324.80657	384.24134	1.00000	None	parabolic	box sum
32	117	29.95624	33.66609	 20GluCb	 {74}GluCG[93]	1.19137e+05	1.06813e+06	1917.34433	1467.20111	1.00000	None	parabolic	box sum
33	119	30.02943	56.01199	 {69}GluCB[88]	 20GluCa	7.56877e+04	6.64027e+05	356.87387	417.70637	1.00000	None	parabolic	box sum
34	120	30.05202	57.44300	 {75}GlnCB[94]	 22GlnCa	3.82582e+04	3.25468e+05	479.71010	667.20843	1.00000	None	parabolic	box sum
